{
  "scale": "minmax",
  "outlier": "lof",
  "f1_mean": 0.6488450729558946,
  "f1_std": 0.015258307460754721,
  "acc_mean": 0.8158099964551578,
  "acc_std": 0.011080440681351736
}