config,scale,outlier,num_impute,cat_impute,f1_mean,f1_std,scores
scale=standard|outlier=iforest,standard,iforest,mean,most_frequent,0.5762390271881414,0.02164385776544419,"[0.5625, 0.6136363636363636, 0.5724381625441696, 0.572429906542056, 0.5601907032181168]"
scale=minmax|outlier=iforest,minmax,iforest,mean,most_frequent,0.5751050043300836,0.023399601002413534,"[0.5498783454987834, 0.61345496009122, 0.5720984759671747, 0.5734265734265734, 0.5666666666666667]"
scale=standard|outlier=lof,standard,lof,mean,most_frequent,0.573368382499991,0.02571590377720872,"[0.5572979493365501, 0.6188850967007964, 0.5677267373380448, 0.5613207547169812, 0.5616113744075829]"
scale=minmax|outlier=lof,minmax,lof,mean,most_frequent,0.5725422667357495,0.023666147980029435,"[0.5528846153846154, 0.61345496009122, 0.5663924794359577, 0.5687426556991775, 0.5612366230677764]"
scale=minmax|outlier=none,minmax,none,mean,most_frequent,0.572255119071125,0.02196621452831262,"[0.5452352231604343, 0.6043329532497149, 0.5601907032181168, 0.5764294049008168, 0.5750873108265425]"
scale=standard|outlier=none,standard,none,mean,most_frequent,0.5708373944673572,0.022178211651428914,"[0.5408653846153846, 0.6034285714285714, 0.5683709869203329, 0.5700934579439252, 0.5714285714285714]"
